id,first_name,last_name,email,gender
1,Jacky,Grimshaw,jgrimshaw0@msn.com,Male
2,Radcliffe,Dabnot,rdabnot1@about.me,Male
3,Matthus,Tomsu,mtomsu2@zdnet.com,Male
4,Jard,Gozard,jgozard3@tumblr.com,Male
5,Tanya,Lindstedt,tlindstedt4@ihg.com,Female
6,Papageno,Brou,pbrou5@plala.or.jp,Male
7,Red,Longwood,rlongwood6@tmall.com,Male
8,Roldan,Bonnin,rbonnin7@addtoany.com,Male
9,Mohammed,Vasechkin,mvasechkin8@java.com,Male
10,Angy,McAless,amcaless9@indiegogo.com,Female
11,Udale,Boyan,uboyana@gov.uk,Male
12,Keen,Annatt,kannattb@sitemeter.com,Male
13,Maitilde,Strongitharm,mstrongitharmc@stumbleupon.com,Female
14,Pansy,Turton,pturtond@github.io,Female
15,Jayne,Simeonov,jsimeonove@reference.com,Female
16,Webster,Cupper,wcupperf@sogou.com,Male
17,Ted,Newbery,tnewberyg@webnode.com,Male
18,Abbi,Woollacott,awoollacotth@booking.com,Female
19,Rosabel,Assel,rasseli@miibeian.gov.cn,Female
20,Vinni,Matthew,vmatthewj@mlb.com,Female